"","baseMean","log2FoldChange","lfcSE","stat","pvalue","padj"
"hsa-let-7a-3p",235.965315538622,-0.431515238315687,0.7559961509944,-0.570790258320884,0.568141827227621,0.9954112309327
"hsa-let-7a-5p/7c-5p",75748.8847360441,-0.104676552814629,0.285719354906126,-0.366361434803816,0.714095392850837,0.9954112309327
"hsa-let-7b-3p",130.610664889777,0.0179912908230585,0.833464771836295,0.0215861442870824,0.982778086214949,0.9954112309327
"hsa-let-7b-5p",18252.3186959866,0.174233953973255,0.329762045243021,0.528362667828712,0.597247643414712,0.9954112309327
"hsa-let-7d-3p",2622.39453089345,-0.129412584953359,0.472441880405393,-0.27392276239844,0.784143978513678,0.9954112309327
"hsa-let-7d-5p",4553.66905723969,0.0253432129994746,0.461457484253238,0.0549199305771077,0.956202253536289,0.9954112309327
"hsa-let-7e-5p",2408.486649089,0.299108181454969,0.476655235167665,0.627514730536331,0.530321883368269,0.9954112309327
"hsa-let-7f-1-3p",23.4217859076502,0.613457931194584,1.32284510128874,0.463741318312281,0.64283309063113,0.9954112309327
"hsa-let-7f-2-3p",110.236987427658,0.227649951864656,1.08796409411691,0.209243993524839,0.834257770592656,0.9954112309327
"hsa-let-7f-5p",139926.885611733,-0.237425661133993,0.369066142294884,-0.6433146634846,0.520019943408668,0.9954112309327
"hsa-let-7g-3p",39.917388888606,-0.0343965790181953,0.839395629141988,-0.0409777914299539,0.967313600859436,0.9954112309327
"hsa-let-7g-5p",30393.4420907613,-0.243016251962876,0.342499790654102,-0.709536935770869,0.47799133903333,0.9954112309327
"hsa-let-7i-3p",317.550821603358,0.311902531255954,0.559040030656853,0.557925218502653,0.576895450123713,0.9954112309327
"hsa-let-7i-5p",146752.613116199,-0.169655955831479,0.283748469647577,-0.597909676983265,0.549900202569363,0.9954112309327
"hsa-miR-100-5p",1148.94453551186,0.682623933510721,0.625113831853336,1.09199940671106,0.274833361954763,0.9954112309327
"hsa-miR-101-3p",272091.065837342,-0.182872498246692,0.325259887271002,-0.562235016992197,0.573955906333519,0.9954112309327
"hsa-miR-101-5p",204.761727135821,-0.0523971212369095,0.553357957555094,-0.0946893787674368,0.924561554585811,0.9954112309327
"hsa-miR-10399-3p",266.583186407226,-0.336306405269932,0.988784643226489,-0.34012098344543,0.733765420275665,0.9954112309327
"hsa-miR-10399-5p",129.476021899619,-0.357243705838981,0.52255586865018,-0.683646911787215,0.494198154095964,0.9954112309327
"hsa-miR-103a-3p/107",264012.635653106,-0.127526906771727,0.381668853723007,-0.334129718806656,0.738281675161738,0.9954112309327
"hsa-miR-10527-5p",23.6514832276064,-0.179605802039834,0.960219601030053,-0.187046590016665,0.851624103959566,0.9954112309327
"hsa-miR-106a-3p",21.4292972446989,0.27373687958889,0.876826681180838,0.312190408280282,0.754895821175545,0.9954112309327
"hsa-miR-106a-5p/17-5p",1449.8986006931,-0.108336288226144,0.554019141108925,-0.195546110571735,0.844965443332804,0.9954112309327
"hsa-miR-106b-3p",24288.805913002,-0.477359636761272,0.488097940743108,-0.9779996941485,0.32807447535416,0.9954112309327
"hsa-miR-106b-5p",4806.58173885107,-0.110945326091967,0.43621349043561,-0.254337219101535,0.799235048249088,0.9954112309327
"hsa-miR-10a-3p",14.3798438464895,0.765854520880752,0.845578656223569,0.905716476218934,0.365085939432848,0.9954112309327
"hsa-miR-10a-5p",41056.918167266,0.00430407675003987,0.411513264786115,0.0104591446214423,0.991654962136728,0.9954112309327
"hsa-miR-10b-3p",6.11526886628589,1.86839459047937,1.20342578292891,1.55256320496312,0.120527521841816,0.9954112309327
"hsa-miR-10b-5p",211340.152437423,-0.108532616034566,0.493755155978793,-0.219810597864881,0.826018665582636,0.9954112309327
"hsa-miR-11400",29.6639447937546,-0.320744023250055,1.94681709618107,-0.164753034005729,0.869138372194868,0.9954112309327
"hsa-miR-11401",84.105113444716,0.792181197777547,0.718117896914984,1.10313529460933,0.269968415559666,0.9954112309327
"hsa-miR-1180-3p",162.863928299368,0.482561579187211,0.487206290249726,0.990466643893012,0.321946085177718,0.9954112309327
"hsa-miR-1185-1-3p/1185-2-3p",5.84963146987384,-0.572998148159944,2.06230467847242,-0.277843596119062,0.78113242336421,0.9954112309327
"hsa-miR-12136",15.3937976919713,0.802644883449315,0.959902840372369,0.836173047615892,0.403057558666264,0.9954112309327
"hsa-miR-122-5p",1489.95093525825,1.03382249153849,0.80994225315591,1.2764150623211,NA,NA
"hsa-miR-1224-5p",12.7635054828264,-0.303162184427784,1.6087808939792,-0.188442183495811,0.850530034329102,0.9954112309327
"hsa-miR-1255a",13.3629289334825,0.357334887070955,1.39980357923837,0.255275020274902,0.798510691881565,0.9954112309327
"hsa-miR-1255b-5p",71.9715698380387,0.503222161944692,0.510637772372872,0.985477747966587,0.324389456366923,0.9954112309327
"hsa-miR-1256-3p",2.99335613101672,3.14181008049865,1.93646702830893,1.62244439722907,0.104708229484762,0.9954112309327
"hsa-miR-125a-3p",6.69090697248832,-0.872609922924349,2.14770467621053,-0.406298842010256,0.684523036139779,0.9954112309327
"hsa-miR-125a-5p",768.914229454985,0.345313674941611,0.435014550541361,0.79379798793369,0.427313044195472,0.9954112309327
"hsa-miR-125b-1-3p",49.7346462158062,0.994371614106167,0.983725989516368,1.01082173766196,0.312101757098787,0.9954112309327
"hsa-miR-125b-2-3p",601.240127663212,0.045588903998425,0.854820344206964,0.0533315617806439,NA,NA
"hsa-miR-125b-5p",333.329632049035,0.13169014502461,0.680815655790838,0.193429959937743,0.84662225383421,0.9954112309327
"hsa-miR-126-3p",5020.07892769984,0.417595563556143,0.310946743001992,1.34298098614742,0.179278130692274,0.9954112309327
"hsa-miR-126-5p",28902.9962414155,0.172148418739355,0.479820857451958,0.358776439301811,0.719762339529436,0.9954112309327
"hsa-miR-1262",9.36783331795383,0.724139422153135,1.97259513921707,0.367099871512687,0.713544523131185,0.9954112309327
"hsa-miR-127-3p",723.258526996669,-1.1723688329209,0.732547955394791,-1.60039875108118,0.109510152008642,0.9954112309327
"hsa-miR-127-5p",8.15757073227909,1.64617138783712,1.38599805528252,1.18771551053985,0.234945510874,0.9954112309327
"hsa-miR-1270-5p",83.9320608759715,0.156684494852849,0.626643234433088,0.250037798612154,0.802558117735912,0.9954112309327
"hsa-miR-1273h-3p",86.8010186710784,0.308973949153448,0.585141416360228,0.528032951547623,0.597476465483968,0.9954112309327
"hsa-miR-1273h-5p",5.0938799679116,-0.233916422835649,2.09735438909463,-0.111529279005931,0.911196649137789,0.9954112309327
"hsa-miR-1277-5p",19.7740069317079,-0.942782819798685,1.08785923302653,-0.866640454184286,0.386139040799144,0.9954112309327
"hsa-miR-1278",24.7534667857057,-0.868850800823617,0.946036037182967,-0.918411949095316,0.358403237293307,0.9954112309327
"hsa-miR-128-1-5p",76.1413883950226,0.220451878013638,0.601540743728932,0.366478713722804,0.714007893459938,0.9954112309327
"hsa-miR-128-3p",7175.30835511565,0.0369557705203772,0.31445609010238,0.117522832864662,0.906445751406355,0.9954112309327
"hsa-miR-1284-5p",3.95593674953898,1.09202531753569,1.80550194591709,0.604831980383718,0.545290642090708,0.9954112309327
"hsa-miR-1285-3p",415.268502712403,-0.551697125447345,0.359628237411911,-1.5340762155321,0.125010903837241,0.9954112309327
"hsa-miR-1287-5p",97.3757682763068,-1.73448539593974,0.951330338560805,-1.82322094191142,0.0682699345094035,0.9954112309327
"hsa-miR-1294-5p",77.708909036627,0.607848488426049,0.767153461016689,0.79234275710688,0.428160847042975,0.9954112309327
"hsa-miR-1296-5p",8.2286050860489,-1.97457633738892,1.38907032977772,-1.42150926058935,0.155168763311724,0.9954112309327
"hsa-miR-1299",53.4215184538162,-2.65929821404573,1.86686492166955,-1.42447275278358,0.154309667059582,0.9954112309327
"hsa-miR-1301-3p",30.8075714717691,0.803488552420432,0.869235787683151,0.924362024442228,0.355297859695254,0.9954112309327
"hsa-miR-1303-3p",14.3289033242121,0.712827982254624,1.20242210361618,0.592826745375735,0.55329710675169,0.9954112309327
"hsa-miR-1306-3p",20.4494073294765,-0.165265469645186,0.714014171712017,-0.231459649111618,0.816957729680138,0.9954112309327
"hsa-miR-1306-5p",10.6377548805228,0.531644385916838,1.17454555162867,0.452638371649053,0.65080916343471,0.9954112309327
"hsa-miR-1307-3p",1399.25667832265,-0.943812224534433,0.541216525542612,-1.74387177772923,0.0811814508228988,0.9954112309327
"hsa-miR-1307-5p",12088.3037377873,-1.29219296203478,0.589298864164105,-2.19276336781626,0.0283244325082618,0.9954112309327
"hsa-miR-130a-3p",10145.1673001844,-0.132731224421613,0.388638655445014,-0.341528621926783,0.732705661549186,0.9954112309327
"hsa-miR-130b-3p",5723.67481491091,0.31398881544228,0.232380471086213,1.35118417642673,0.176636442107597,0.9954112309327
"hsa-miR-130b-5p",58.7840095384668,-0.0163178143863353,0.740348090486664,-0.0220407327256141,0.982415463404409,0.9954112309327
"hsa-miR-132-3p",104.749308226045,0.43205412567832,0.548188866658908,0.78814830427257,0.430609963356864,0.9954112309327
"hsa-miR-133a-3p/133b",59.314903152574,-0.211961650358921,0.749933462025688,-0.282640608923329,0.777452347609169,0.9954112309327
"hsa-miR-133a-5p",3.91711477466944,-0.647859773686189,1.77299860176988,-0.365403431812902,0.714810279885503,0.9954112309327
"hsa-miR-134-5p",44.2145404484245,1.26257039075172,0.956762790930083,1.31962739638354,0.186959451272937,0.9954112309327
"hsa-miR-136-3p",112.503705577609,0.416895229180834,0.631845320555564,0.659805834779735,0.50937843850826,0.9954112309327
"hsa-miR-136-5p",27.3175095408114,0.378619914980178,0.809101503130584,0.467951071052542,0.639819580231122,0.9954112309327
"hsa-miR-138-1-3p",3.25781366800581,0.670514304838825,2.43709635587076,0.275128352321242,0.78321762980486,0.9954112309327
"hsa-miR-138-5p",4.41621043058184,1.55435771073158,2.15152457223702,0.722444786728819,0.470021059742396,0.9954112309327
"hsa-miR-139-3p",7.21194387785568,1.08344358753081,2.34622846328354,0.461780940980715,0.644238419802167,0.9954112309327
"hsa-miR-139-5p",35.5776180902576,0.685478263184453,0.663798965508736,1.03265943275326,0.301763304375867,0.9954112309327
"hsa-miR-140-3p",36049.1380364032,-0.689308618076712,0.405949990173406,-1.69801363409879,0.0895051885861066,0.9954112309327
"hsa-miR-140-5p",36.0294352015208,-0.0302740548793374,0.90151816289138,-0.0335811923990987,0.973211120100287,0.9954112309327
"hsa-miR-141-3p",463.690310923212,0.0774938191383555,0.467183691295493,0.165874409963812,0.868255786377713,0.9954112309327
"hsa-miR-142-3p",2945.79428998671,-0.239219850759938,0.300223713558268,-0.796805315358642,0.425564107613173,0.9954112309327
"hsa-miR-142-5p",164132.012944922,-0.0688915150166637,0.248918736844023,-0.276763074930082,0.781962035942443,0.9954112309327
"hsa-miR-143-3p",73975.2209643619,-0.394201693845622,0.496188977873735,-0.794458787728119,0.426928391974626,0.9954112309327
"hsa-miR-144-3p",26944.5777391036,-0.123603863200901,0.459242785506365,-0.269147098445138,0.787816487845234,0.9954112309327
"hsa-miR-144-5p",16208.3151585186,-0.13830164470229,0.393531194884187,-0.351437564544255,0.725260104952119,0.9954112309327
"hsa-miR-145-3p",105.317136802946,-0.0668534524634716,0.60862605581958,-0.109843231035264,0.91253370505262,0.9954112309327
"hsa-miR-145-5p",31.2233817777202,0.263527623510696,0.789026578446673,0.333990806785613,0.738386495865531,0.9954112309327
"hsa-miR-1468-5p",327.466627915635,0.167803555140706,0.572769846249944,0.292968556636412,0.76954618586539,0.9954112309327
"hsa-miR-146a-5p",5515.39891804872,1.05359784469381,0.483139709402451,2.18073121333144,0.0292033029457534,0.9954112309327
"hsa-miR-146b-3p",248.095064943333,0.417775559996727,0.599203080061982,0.697218645727776,0.485665971826977,0.9954112309327
"hsa-miR-146b-5p",4875.96218923692,-0.868403401633792,0.596358606576425,-1.45617652207473,0.145343828014518,0.9954112309327
"hsa-miR-148a-3p",166417.579847334,-0.246056344674275,0.651323717303438,-0.377778880359185,NA,NA
"hsa-miR-148a-5p",1205.95743920984,-0.916781866807903,0.58260854317536,-1.57358122799095,NA,NA
"hsa-miR-148b-3p",1356.64381706409,0.0252637322190061,0.516730658670989,0.0488914907506813,0.961005770151257,0.9954112309327
"hsa-miR-148b-5p",126.463927607399,-0.370639559339726,0.501359111133842,-0.739269619537801,0.459743293287426,0.9954112309327
"hsa-miR-150-3p",109.525051609104,0.767654559920391,0.46443092938958,1.65289284443082,0.0983526736954484,0.9954112309327
"hsa-miR-150-5p",1224.15870512694,0.5742381300901,0.574919859688455,0.998814218039494,0.317884697132965,0.9954112309327
"hsa-miR-151a-3p",36940.8601082893,-0.0804320225045557,0.278228620994165,-0.289086084016649,0.772515502525864,0.9954112309327
"hsa-miR-151a-5p/151b",3008.30978024876,0.203532407620796,0.452530095821951,0.449765462010013,0.652879564037178,0.9954112309327
"hsa-miR-152-3p",235.529151002066,-0.310047122610843,0.677686213709833,-0.457508381221987,0.647305679519992,0.9954112309327
"hsa-miR-153-3p",4.6817651514399,1.13513128640968,1.91228009843229,0.5936009517331,0.552779044327121,0.9954112309327
"hsa-miR-1537-3p",4.86861005661917,0.499374151995539,1.9243444117288,0.259503521797799,0.795246765070823,0.9954112309327
"hsa-miR-1538",58.2500590131462,0.578755199297031,0.786950010819629,0.735440868339581,0.462071039905417,0.9954112309327
"hsa-miR-155-5p",316.830096296589,0.560174738687415,0.503292757657407,1.11301966929699,0.265699981975868,0.9954112309327
"hsa-miR-15a-3p",6.18099564097403,0.200837571106005,1.49551952219383,0.134292844811139,0.893171011006313,0.9954112309327
"hsa-miR-15a-5p",136136.860111977,-0.0655052044012005,0.480961157267205,-0.136196454560692,0.891665977903197,0.9954112309327
"hsa-miR-15b-3p",960.127966797407,0.037810337928793,0.57284091904752,0.0660049529835638,0.947373882145575,0.9954112309327
"hsa-miR-15b-5p",1175.38082718729,0.0407333746552383,0.502233134444149,0.0811045147395945,0.935358835275954,0.9954112309327
"hsa-miR-16-1-3p",29.7250176878287,-1.94352934309155,1.00620168636144,-1.93155047286754,0.0534150138753363,0.9954112309327
"hsa-miR-16-2-3p",21903.2863363645,-0.0316529300229374,0.252456619840497,-0.125379679261078,0.900222974758725,0.9954112309327
"hsa-miR-16-5p",690741.949278516,0.150638116059016,0.422736717211072,0.356340270258101,0.721585754653484,0.9954112309327
"hsa-miR-17-3p",671.773550229553,-0.254653433760501,0.427825020916888,-0.595228005166093,0.5516910728208,0.9954112309327
"hsa-miR-181a-2-3p",1711.88628001591,-0.329251382935569,0.442551031670501,-0.743985121202273,0.456885476534587,0.9954112309327
"hsa-miR-181a-3p",418.003393430814,-0.127473974733871,0.563051990720114,-0.226398231131086,0.820891703572042,0.9954112309327
"hsa-miR-181a-5p",91165.4120606378,-0.122702121153233,0.331185554631392,-0.370493578108502,0.711014760603406,0.9954112309327
"hsa-miR-181b-3p",8.13713121989641,-6.53583198465692,1.83951457791139,-3.55301994511932,0.000380835589007274,0.0672809540579517
"hsa-miR-181b-5p",2691.51789775594,-0.0652896823774661,0.494168806783499,-0.132120201601616,0.894889217413907,0.9954112309327
"hsa-miR-181c-3p",161.017026358841,-0.549977103887822,0.674466664358461,-0.815425184002161,0.414828973674719,0.9954112309327
"hsa-miR-181c-5p",1165.77244327914,-0.477097867805512,0.403223430248884,-1.18320968479195,0.236726055656625,0.9954112309327
"hsa-miR-181d-5p",85.3791241190918,0.267497140665328,0.603416003877835,0.443304683578601,0.657545368565965,0.9954112309327
"hsa-miR-182-5p",100172.192573984,-0.858915073750283,0.518608781033343,-1.65619076491314,0.0976831928630457,0.9954112309327
"hsa-miR-183-3p",28.0063751245213,-0.111048036667599,0.78348854384684,-0.141735367466085,0.887289037743611,0.9954112309327
"hsa-miR-183-5p",1605.32663777249,-0.507792262485349,0.447678900116657,-1.1342778548487,0.25667801530471,0.9954112309327
"hsa-miR-1843",801.28791832944,-0.260779558057536,0.405507433675194,-0.643094395814249,0.520162850699321,0.9954112309327
"hsa-miR-185-3p",267.403684511801,-0.328613824918837,0.4541536106552,-0.723574176686058,0.469327199769664,0.9954112309327
"hsa-miR-185-5p",168.261706382728,-0.274923121347374,0.577873302327566,-0.475749823084117,0.634252621031911,0.9954112309327
"hsa-miR-186-5p",51584.9021105068,-0.421757260962657,0.397735112108982,-1.06039735523047,0.288963864901148,0.9954112309327
"hsa-miR-188-5p",40.7955450149043,-0.367121561173046,0.845538340781248,-0.434186770092339,0.664152819470866,0.9954112309327
"hsa-miR-18a-3p",199.565169248981,-0.320097861777362,0.677660016793381,-0.472357603879351,0.636671560369635,0.9954112309327
"hsa-miR-18a-5p",224.913346976743,-0.300444091684884,0.560551159096752,-0.53597978847998,0.591972519144309,0.9954112309327
"hsa-miR-18b-3p",3.69622499685752,-0.576629432569041,3.14481317045557,-0.183358883760178,0.854516434889961,0.9954112309327
"hsa-miR-18b-5p",49.2672195162211,-0.333598260106089,0.785940762327769,-0.424457256954138,0.671232371211057,0.9954112309327
"hsa-miR-190a-5p",19.4099752986025,-0.452747449840089,1.07981535113356,-0.419282286888038,0.675009840301835,0.9954112309327
"hsa-miR-190b-5p",9.43942421246376,-2.51338248764566,1.19236748810368,-2.10789250186861,0.0350402889583711,0.9954112309327
"hsa-miR-191-3p",39.4394586874321,-0.0415064891944327,0.830518126095402,-0.0499766204857819,0.960141019184452,0.9954112309327
"hsa-miR-191-5p",33325.1132368887,-1.08271705469278,0.485946634663287,-2.22805752208366,0.0258766794181479,0.9954112309327
"hsa-miR-1910-5p",6.45051573949676,0.432590083182286,2.33619618748768,0.185168559686543,0.853096828363746,0.9954112309327
"hsa-miR-192-5p/215-5p",221658.425768555,-0.148181609168763,0.565860315674318,-0.26186959054052,NA,NA
"hsa-miR-193a-3p",16.1556751579774,-1.12372572794336,2.84030103153143,-0.395636136968719,0.692373474330752,0.9954112309327
"hsa-miR-193b-3p",95.2340931518201,1.88464658567387,1.57408257678863,1.19729842224595,0.231190259181465,0.9954112309327
"hsa-miR-193b-5p",149.830587342619,1.49471658063724,0.957346648496338,1.5613117599408,0.118450210220658,0.9954112309327
"hsa-miR-194-3p",32.1735969301363,1.81692297816715,2.49453547746953,0.728361249850913,0.466392477476564,0.9954112309327
"hsa-miR-194-5p",803.68076332457,0.297463935983125,0.557170658182614,0.533882988299126,NA,NA
"hsa-miR-195-3p",49.4853181802545,0.0013809006776791,0.809592085606286,0.00170567462581477,0.998639069210208,0.998639069210208
"hsa-miR-195-5p",46.2704833527745,0.371484045161444,0.777585936244444,0.477740180018717,0.63283514250445,0.9954112309327
"hsa-miR-196b-3p",19.3901143178051,-0.441527647495847,0.88946680854297,-0.496395866889188,0.619615140552017,0.9954112309327
"hsa-miR-196b-5p",74.1861745892024,-0.0275126740346689,0.654241333877036,-0.0420527909351565,0.96645661422744,0.9954112309327
"hsa-miR-197-3p",67.7231352064025,-0.0551272855936414,0.646383165998806,-0.0852857693291834,0.932034204740863,0.9954112309327
"hsa-miR-197-5p",148.857495577418,0.45372551224632,0.609846876168961,0.743999075795238,0.456877034230859,0.9954112309327
"hsa-miR-1976",66.8922748741607,-0.485869966369838,0.589898840973984,-0.823649637228676,0.410138663312271,0.9954112309327
"hsa-miR-199a-3p/199b-3p",4721.53113902804,-0.539760905458105,0.421540875922231,-1.28044736889925,0.20038784361109,0.9954112309327
"hsa-miR-199a-5p",86.3674341480481,0.379757009349206,0.825179159356908,0.460211585621193,0.645364355842058,0.9954112309327
"hsa-miR-199b-5p",100.294769346026,-0.943445235008029,0.631620697582224,-1.49368954915416,0.135256781355523,0.9954112309327
"hsa-miR-19a-3p",6254.7982318343,-0.139982021533825,0.273251665761911,-0.512282408758647,0.608453374969124,0.9954112309327
"hsa-miR-19a-5p",12.1715371751085,-1.79809547722527,1.30131546561984,-1.38175217672435,0.16704780761405,0.9954112309327
"hsa-miR-19b-3p",25888.9038867478,-0.193618943163123,0.29884501081989,-0.647890833552562,0.517055559856509,0.9954112309327
"hsa-miR-200a-3p",39.711375093233,-0.0987069110174771,0.831240451940936,-0.118746520079717,NA,NA
"hsa-miR-200b-3p",18.0672930340459,-0.0224702410548361,0.730223347673218,-0.0307717373409591,0.975451580076757,0.9954112309327
"hsa-miR-203a-3p",923.653150463589,1.4023167336054,0.775144211237921,1.8091043102365,0.0704347995946953,0.9954112309327
"hsa-miR-204-3p",4.43927594093114,0.951233940517102,2.50721485892109,0.379398653104041,0.704391850597267,0.9954112309327
"hsa-miR-204-5p",70.6405980818051,-0.0175735558296836,0.665421552970942,-0.0264096582853712,0.978930590640158,0.9954112309327
"hsa-miR-205-5p",25.6381570732987,1.30932395423604,0.931862748674566,1.40506094497109,0.160003156308183,0.9954112309327
"hsa-miR-208b-3p",58.9688830272323,-0.381814600501242,0.990300320141568,-0.385554354306035,0.699826744119296,0.9954112309327
"hsa-miR-20a-5p",1142.75216274979,-0.221923078486095,0.610820896666264,-0.363319394764171,0.716366306876651,0.9954112309327
"hsa-miR-20b-3p",20.4504840150742,-0.720409573562049,1.41314241953334,-0.50979261793015,0.610196757987145,0.9954112309327
"hsa-miR-20b-5p",172.367209238419,-0.278838304363501,0.597911769836793,-0.466353596684697,0.640962420667883,0.9954112309327
"hsa-miR-21-3p",8146.29405305115,-0.401523511679615,0.475151290780904,-0.845043503974739,0.398086549885383,0.9954112309327
"hsa-miR-21-5p",126247.487153222,-0.144049164636157,0.49106127106433,-0.293342548321808,NA,NA
"hsa-miR-210-3p",6219.23722024205,-0.599905778141835,0.535807334249951,-1.1196296500525,0.262871615112317,0.9954112309327
"hsa-miR-2110",31.021354292011,-0.657938021876345,0.891271917896975,-0.738201225310454,0.460392178408378,0.9954112309327
"hsa-miR-2115-3p",17.2194687730764,-0.751127080067948,1.68466007327799,-0.445862694784719,0.655696431002289,0.9954112309327
"hsa-miR-2116-3p",6.29654701286586,-0.173065310982332,2.43752867579053,-0.0710003179454717,0.94339750244708,0.9954112309327
"hsa-miR-212-3p",4.61255448182602,0.237797791135509,1.82856812679667,0.130045901845664,0.896530110597376,0.9954112309327
"hsa-miR-214-3p",5.57802723157197,0.191073190137138,1.82132421965018,0.104908938274503,0.916448066392392,0.9954112309327
"hsa-miR-214-5p",17.4023827548868,-1.74680901617396,1.19808838518973,-1.45799678702113,0.144841428631344,0.9954112309327
"hsa-miR-216a-5p",6.46881313728479,-0.703615038384582,1.90910215325303,-0.368558087468318,0.712457140848841,0.9954112309327
"hsa-miR-218-5p",18.5782001820948,4.12931472200557,1.59464493714688,2.58948849729124,0.00961186340148973,0.72775537182708
"hsa-miR-219a-1-3p",14.1824567804886,-0.224716887227748,1.3165975852543,-0.170680008640867,0.864475382945486,0.9954112309327
"hsa-miR-219b-3p",5.74776807411675,2.24603232189291,2.08430208960968,1.0775944298523,0.281214789087587,0.9954112309327
"hsa-miR-22-3p",947638.219520962,-0.0998072797991023,0.389244771620125,-0.25641264077532,0.79763222813109,0.9954112309327
"hsa-miR-22-5p",223.722936424901,0.402255229091221,0.686078824150601,0.586310515543506,0.557666865801261,0.9954112309327
"hsa-miR-221-3p",10436.6181104089,-0.335818643836787,0.405690519484952,-0.827770499204982,0.407800484776224,0.9954112309327
"hsa-miR-221-5p",7.50750592937955,0.314818387199962,1.63040265974994,0.193092415126608,0.846886592729638,0.9954112309327
"hsa-miR-222-3p",2104.7249437966,0.187394690682887,0.504034822257212,0.3717891748901,0.710049824071079,0.9954112309327
"hsa-miR-222-5p",5.33740487712191,1.52239083509313,1.86986953016881,0.81416955061869,0.415547826514037,0.9954112309327
"hsa-miR-223-3p",6244.79950781001,-1.44143456107621,0.544251940424891,-2.64846930991352,0.0080857190406439,0.714238515256878
"hsa-miR-223-5p",489.749519185854,-0.87310468261689,0.605990225459525,-1.44079004237207,0.149644007455,0.9954112309327
"hsa-miR-224-5p",39.1056861523585,0.443041489664715,1.07122083860212,0.413585577968085,0.679177637078435,0.9954112309327
"hsa-miR-2276-3p",4.71598815993198,0.430035453414337,2.38363607614457,0.180411539210256,0.856829495980458,0.9954112309327
"hsa-miR-2277-3p",4.64637773443952,1.28179746861388,2.0448060398666,0.626855282908642,0.530754101621679,0.9954112309327
"hsa-miR-2277-5p",10.4732567923474,0.366090308496418,1.50599339522661,0.24308892034771,0.807936514111813,0.9954112309327
"hsa-miR-2355-3p",3.54087741372367,-0.0465132663106062,2.21934695801938,-0.020958086856377,0.983279090168278,0.9954112309327
"hsa-miR-2355-5p",34.1610683866371,-1.26685227970975,0.915474747235258,-1.38382001637474,0.166413572448286,0.9954112309327
"hsa-miR-23a-3p/23b-3p",2375.48487060484,-0.243539889940905,0.494953324093967,-0.492046175034211,0.622686701386241,0.9954112309327
"hsa-miR-24-2-5p",34.7098422204228,0.146295045694649,0.817438746214381,0.178967594051729,0.857963147044171,0.9954112309327
"hsa-miR-24-3p",1297.90624531768,-0.765345371777364,0.621934101742548,-1.23058917276445,0.218476556769612,0.9954112309327
"hsa-miR-2467-5p",8.00874046691093,0.445047497055884,1.43502350475895,0.310132548756154,0.756460161366351,0.9954112309327
"hsa-miR-25-3p",263295.687066079,-0.0204620659273047,0.341913607089179,-0.0598457198047918,0.952278511669101,0.9954112309327
"hsa-miR-25-5p",309.134534445396,0.339776176198413,0.44489339089131,0.76372493535518,0.445031177901465,0.9954112309327
"hsa-miR-26a-5p",23801.3412328366,-0.0275820606195814,0.329470386540077,-0.083716357361381,0.93328195150625,0.9954112309327
"hsa-miR-26b-3p",87.3287356666565,-0.172027161172073,0.701090297653442,-0.245370905499406,0.806169254574327,0.9954112309327
"hsa-miR-26b-5p",8980.70445391176,-0.186517303197418,0.296819755456089,-0.628385745115981,0.529751273009202,0.9954112309327
"hsa-miR-27a-3p/27b-3p",170002.931509956,0.412980781145444,0.657168903857331,0.628424106377226,NA,NA
"hsa-miR-27a-5p",23.0013068655937,0.145192883994907,0.809249382669868,0.179416737416453,0.857610490063733,0.9954112309327
"hsa-miR-27b-5p",32.6848705929912,1.16525663733896,0.886497059083564,1.31445065203439,0.188694594439277,0.9954112309327
"hsa-miR-28-3p",10379.094512132,-0.706319070720521,0.477076936107203,-1.48051397429492,0.138736134196272,0.9954112309327
"hsa-miR-28-5p",312.636572632649,0.202279617797841,0.638611060274132,0.316749317982389,0.751433823746538,0.9954112309327
"hsa-miR-296-5p",26.772557600708,1.06083891385803,0.99546211272019,1.06567482609578,0.286570661237421,0.9954112309327
"hsa-miR-299-3p",4.6682122519489,0.347695099803283,1.93250343732515,0.179919524637193,0.857215746882753,0.9954112309327
"hsa-miR-29a-3p",3721.04255327349,0.0229602298051618,0.62535853113646,0.036715305959665,NA,NA
"hsa-miR-29b-2-5p",9.01769821604624,-0.0166954378700401,1.53420193858597,-0.0108821644987803,0.991317460325212,0.9954112309327
"hsa-miR-29b-3p",96.9769879596504,-0.16263964734056,0.619903274672025,-0.262362942713293,0.793041639663712,0.9954112309327
"hsa-miR-29c-3p",2490.25749365745,-0.106940703825337,0.42201892548303,-0.253402625730436,0.799957098822001,0.9954112309327
"hsa-miR-29c-5p",17.7141247292203,0.514149935602965,0.923563147042022,0.55670252461857,0.577730691731681,0.9954112309327
"hsa-miR-301a-3p",1003.87148309762,-0.349532595219225,0.567922570114628,-0.615458186753657,0.538252174803496,0.9954112309327
"hsa-miR-301b-3p",39.6707739097178,-0.755435633937877,0.722997282110202,-1.04486649207449,0.296084678335069,0.9954112309327
"hsa-miR-3065-5p",13.040722661608,2.67820708937355,2.00569192953893,1.33530331848581,NA,NA
"hsa-miR-3074-5p",50.7827019840547,0.549958089841398,0.518607791035906,1.06045088282008,0.288939524046351,0.9954112309327
"hsa-miR-30a-3p",160.493101397483,0.53568895023126,0.591759105230408,0.905248344294903,0.365333835504699,0.9954112309327
"hsa-miR-30a-5p",33488.5026012009,0.278013324957636,0.580907338481766,0.478584632248302,NA,NA
"hsa-miR-30b-5p/30c-5p",1191.86829576906,0.298156732246455,0.420978356336303,0.708247176508689,0.478791774170069,0.9954112309327
"hsa-miR-30c-1-3p",41.6717303384947,-0.0925470741782279,0.654346072728385,-0.141434445831302,0.887526743925719,0.9954112309327
"hsa-miR-30c-2-3p",71.5141171536039,0.51253889476923,0.642594319989928,0.797608816052502,0.425097533380967,0.9954112309327
"hsa-miR-30d-3p",181.87908449715,0.172794770290467,0.637935538214406,0.270865565467825,0.786494430059704,0.9954112309327
"hsa-miR-30d-5p",88803.6289648082,-0.134789014937337,0.324975491413405,-0.414766708563478,0.678312692831186,0.9954112309327
"hsa-miR-30e-3p",442.728806372738,-0.437742780196397,0.489185737516901,-0.894839621486866,0.370872826706182,0.9954112309327
"hsa-miR-30e-5p",101697.594359432,-0.189833238398884,0.271683361135968,-0.698729718320435,0.484720957939537,0.9954112309327
"hsa-miR-31-5p",20.2439317169961,-0.125364193408199,0.63741109527748,-0.196677143427548,0.844080197629871,0.9954112309327
"hsa-miR-3117-3p",15.50100274387,-0.608276639184003,1.05806307227638,-0.574896388620123,0.565361372485285,0.9954112309327
"hsa-miR-3120-3p",4.67583584931259,0.37381052243842,2.21496078489938,0.168766203441114,0.865980542703567,0.9954112309327
"hsa-miR-3121-3p",6.99521125497524,0.653371954846032,1.49691412226445,0.436479250965745,0.6624890502609,0.9954112309327
"hsa-miR-3122",5.34900701821449,0.149686636045098,1.57910205441354,0.0947922495741987,0.924479843095387,0.9954112309327
"hsa-miR-3127-5p",48.6068483547427,0.594129178190246,1.04517947146819,0.568447041306368,0.569731456087358,0.9954112309327
"hsa-miR-3128",29.8184461933391,0.468223834860098,1.15014908289428,0.407098385612622,NA,NA
"hsa-miR-3130-5p",31.570505739892,1.05996567659595,0.767674673093108,1.38074853026627,0.167356293940846,0.9954112309327
"hsa-miR-3133",7.67554721844003,-0.664277440882897,2.59867317866842,-0.255621771269936,0.798242905754115,0.9954112309327
"hsa-miR-3135a",9.24531175822808,0.36950343071216,1.98802260456812,0.185864803480155,0.852550783966837,0.9954112309327
"hsa-miR-3136-5p",17.0536274123685,0.157337472620392,0.842957152682805,0.186649430661627,0.851935507662246,0.9954112309327
"hsa-miR-3138-3p",8.24082770374582,2.76108395395404,1.9501429561998,1.41583669298506,0.156823323709735,0.9954112309327
"hsa-miR-3139-5p",5.67949307501037,0.815496364678691,1.64796924154331,0.494849263032959,0.620706527345612,0.9954112309327
"hsa-miR-3143",139.095369206008,0.0247356044547759,0.630897418705821,0.0392070148353384,0.96872534090851,0.9954112309327
"hsa-miR-3150b-3p",25.3468551044546,-1.89503109952943,1.66224430380862,-1.14004367179207,0.254268107229519,0.9954112309327
"hsa-miR-3157-3p",27.992549308986,0.724343836475722,0.951424347170899,0.761325730868239,0.446462535443136,0.9954112309327
"hsa-miR-3158-3p",1197.98325410508,0.0205108336626844,0.590176298962602,0.0347537400243585,0.972276108439803,0.9954112309327
"hsa-miR-3160-3p",33.7614975250338,-0.209275980062591,1.02125451391357,-0.204920494559795,NA,NA
"hsa-miR-3163",13.9164066304426,-0.351727942715781,1.40206958549857,-0.250863399615582,0.801919722566398,0.9954112309327
"hsa-miR-3173-3p",6.54937356380966,0.151207873725879,1.59108709110285,0.0950343162051996,0.92428756987136,0.9954112309327
"hsa-miR-3173-5p",80.1942722928904,0.450708791753289,0.846945455394162,0.532157990674302,0.594616575839212,0.9954112309327
"hsa-miR-3174",7.81243783808226,0.432330985694673,1.62650962539803,0.26580290638543,0.790391004742873,0.9954112309327
"hsa-miR-3176-3p",194.997511545496,0.272104392847722,0.86487943109848,0.314615405412201,0.753053680921746,0.9954112309327
"hsa-miR-3177-3p",3.51407937182791,0.171287374337446,2.35257516416384,0.0728084598301564,0.941958538855776,0.9954112309327
"hsa-miR-3194-5p",7.25545476778659,-2.19092844525822,1.94196092447385,-1.1282041866274,0.25923369623263,0.9954112309327
"hsa-miR-32-3p",9.68705618412509,-0.447084634918093,1.46222822633388,-0.305755713688437,0.759790649922512,0.9954112309327
"hsa-miR-32-5p",2826.14057448078,-0.00981597412959181,0.569375006039411,-0.0172399104728394,0.9862452229607,0.9954112309327
"hsa-miR-3200-3p",190.174913838997,0.12485907672921,0.634616837847658,0.196747185518553,0.84402538299759,0.9954112309327
"hsa-miR-3200-5p",55.9187822453785,0.373080709404512,0.831652280311131,0.448601799378146,0.653718935527855,0.9954112309327
"hsa-miR-3202",7.50256121887847,-0.318524468983394,1.32191976358915,-0.24095597762951,0.809589236102646,0.9954112309327
"hsa-miR-320a-3p/320b/320c/320d/320e",81572.5819153114,-2.05968598805621,0.690959823729708,-2.98090557123612,0.00287397397496466,0.380801551682817
"hsa-miR-323a-3p",4.93262115501951,2.08236136260541,1.90329704683183,1.09408111890451,0.273919402529059,0.9954112309327
"hsa-miR-323b-3p",10.2956478734586,2.50450367660109,1.35178205269816,1.85274221654452,0.063919315943566,0.9954112309327
"hsa-miR-324-3p",405.55612436726,0.0816167084521829,0.402075433064464,0.202988548268497,0.839143983041705,0.9954112309327
"hsa-miR-324-5p",179.995014481071,-0.479582195041262,0.495450059890537,-0.967972826862144,0.333057940748416,0.9954112309327
"hsa-miR-326-3p",10.3178270472073,-1.35177221408152,2.11197317232568,-0.640051792226585,0.522138928546914,0.9954112309327
"hsa-miR-328-3p",130.93947082113,-0.375931490492744,0.738230247434085,-0.509233388633686,0.610588642218091,0.9954112309327
"hsa-miR-330-3p",16.4475964468829,0.0163786450971338,1.37015012907863,0.0119539054513302,0.990462390547104,0.9954112309327
"hsa-miR-330-5p",7.92641915067789,1.20121799404933,1.82036390270199,0.659877946528353,0.509332157579665,0.9954112309327
"hsa-miR-331-3p",11.9592602024451,0.461624797698623,1.47961001611843,0.31199085750287,0.75504747145723,0.9954112309327
"hsa-miR-331-5p",54.6319337296223,-0.0859275467549603,0.608878801376442,-0.141124221373303,0.887771809251761,0.9954112309327
"hsa-miR-335-3p",43.8108890125247,-0.391819595064652,1.14761865963503,-0.341419679590484,0.732787662026369,0.9954112309327
"hsa-miR-335-5p",767.037277577445,0.154806205912946,0.53853497233205,0.287458036833856,0.773761628358951,0.9954112309327
"hsa-miR-338-3p",117.971007728132,-0.317699829070243,0.541271123185646,-0.586951373279297,0.557236365426279,0.9954112309327
"hsa-miR-338-5p",28.5983887775079,-1.25481093925727,0.989200222134568,-1.26851057165105,0.204615677867014,0.9954112309327
"hsa-miR-339-3p",1119.63926710348,-0.128496744912187,0.41289712090069,-0.311207655388552,0.755642763650881,0.9954112309327
"hsa-miR-339-5p",333.72073300059,0.414025064339468,0.389105327435675,1.06404367955592,0.287308912693716,0.9954112309327
"hsa-miR-33a-5p",29.508398952125,-0.862796851928747,0.659337931310563,-1.30858063969377,0.190676442498531,0.9954112309327
"hsa-miR-33b-5p",404.702211831927,-0.275724967894949,0.566124261722802,-0.487039659907662,0.626230225728445,0.9954112309327
"hsa-miR-340-3p",25.1701612367411,-0.99735805884232,0.998054622147796,-0.999302078974419,0.317648378637768,0.9954112309327
"hsa-miR-340-5p",5268.82088876042,-0.666282557995425,0.322860780407107,-2.06368378703442,0.03904770755583,0.9954112309327
"hsa-miR-342-3p",465.037410381467,-0.9813494765593,0.631014635917352,-1.55519289205177,0.119900136645299,0.9954112309327
"hsa-miR-342-5p",311.857551054927,0.398502718626895,0.345427244315028,1.15365167393532,0.248643003999236,0.9954112309327
"hsa-miR-345-5p",4936.51632257214,-0.360256409702017,0.451281075880795,-0.798297178756901,0.424698054846489,0.9954112309327
"hsa-miR-34a-5p",119.82712712535,-0.51202488283538,1.0326334407227,-0.495843793783236,NA,NA
"hsa-miR-34c-5p",26.9048737272168,-0.116827114893897,1.25121727155838,-0.0933707658529914,0.925609014506287,0.9954112309327
"hsa-miR-3605-3p",143.976076653533,0.0492158781073973,0.51032061055343,0.0964410942642978,0.923170255708201,0.9954112309327
"hsa-miR-3605-5p",206.059803349993,-1.06250369354787,0.560739029171635,-1.89482743000337,0.0581152679335181,0.9954112309327
"hsa-miR-361-3p",421.515788348559,-0.313829873553975,0.502836322304221,-0.624119339899446,0.532549213663249,0.9954112309327
"hsa-miR-361-5p",352.034225020895,0.226482707829488,0.634797378099089,0.356779526260322,0.721256864586673,0.9954112309327
"hsa-miR-3611-3p",7.82120505059197,0.880653193372176,0.946817826714275,0.930118940016466,0.352309505383504,0.9954112309327
"hsa-miR-3613-3p",5.59503329303669,0.763114538232484,2.03134135962283,0.375670260745431,0.70716204958769,0.9954112309327
"hsa-miR-3613-5p",72.2901750983337,-0.306668386125827,0.646285951963484,-0.474508822594916,0.635137108053529,0.9954112309327
"hsa-miR-3614-5p",42.0301733063478,-0.0707764039316441,0.874312450583896,-0.0809509276510671,0.935480978418766,0.9954112309327
"hsa-miR-3615-3p",5669.21713257854,-0.774926081781035,0.374224338474224,-2.07075276007044,0.0383819069338244,0.9954112309327
"hsa-miR-362-3p",100.087137836285,0.0491631187751056,0.558467042759922,0.0880322651308901,0.92985103181768,0.9954112309327
"hsa-miR-362-5p",8.67184338813537,2.81821992605609,1.52937967065472,1.84272092805419,0.0653697668043152,0.9954112309327
"hsa-miR-363-3p",16928.1762254828,0.114061157726364,0.320656752056489,0.355711074208941,0.722056950767506,0.9954112309327
"hsa-miR-365a-3p/365b-3p",35.7953323775783,1.93874746047662,1.48783128370514,1.30306942844257,NA,NA
"hsa-miR-3675-5p",9.54015550944555,0.38620935376126,1.84149946932493,0.20972547654485,0.83388194030576,0.9954112309327
"hsa-miR-3677-3p",16.5517538477002,0.22868616890943,1.30101338822425,0.175775415517871,0.860470384471526,0.9954112309327
"hsa-miR-3684",7.61473150538119,-0.513276359443481,1.46008567119117,-0.351538522410632,0.725184377556678,0.9954112309327
"hsa-miR-3688-3p",550.84956626921,0.00183475055078854,0.427640196169385,0.00429040713951458,0.996576760886092,0.99846064890289
"hsa-miR-369-3p",11.6205684459458,-0.0358191766728845,1.23342831476954,-0.0290403392268298,0.976832418099311,0.9954112309327
"hsa-miR-369-5p",9.46859791170486,0.153052230972922,1.57284706595125,0.0973090354975849,0.92248098076652,0.9954112309327
"hsa-miR-3691-5p",12.092151330232,-0.457953456936069,0.926494147136319,-0.49428640035293,0.621103928270759,0.9954112309327
"hsa-miR-370-3p",27.2786378157154,2.60292611611929,2.61467391905001,0.995506972075895,0.319489755026215,0.9954112309327
"hsa-miR-371b-5p",32.4141407102587,0.310523695613826,0.963567354976728,0.322264649180986,NA,NA
"hsa-miR-374a-3p",261.589226319535,-0.590698360175378,0.546560948679892,-1.08075478425982,0.279806206452894,0.9954112309327
"hsa-miR-374a-5p",139.302245709229,-0.35445358822399,0.524584403917864,-0.67568457158991,0.499240933590554,0.9954112309327
"hsa-miR-374b-3p",7.59012921417392,0.10515185336615,1.32991760776693,0.0790664419750865,0.936979775346683,0.9954112309327
"hsa-miR-374b-5p",141.053382505174,-0.382295968618003,0.650737106305246,-0.587481434382315,0.556880415745109,0.9954112309327
"hsa-miR-375-3p",5543.57758567356,0.439125270660573,0.747773955173814,0.58724333419516,NA,NA
"hsa-miR-378a-3p/378c/378d/378e",56439.7042493958,-1.21451719932491,0.631880357366999,-1.92206829214588,0.0545971651999776,0.9954112309327
"hsa-miR-378a-5p",17.9095316007069,2.07162294554464,1.2258320037906,1.68997296459762,0.0910331270012086,0.9954112309327
"hsa-miR-378i",17.8785603226653,-1.44589371884978,1.35842273069017,-1.06439158163613,0.28715134579421,0.9954112309327
"hsa-miR-381-3p",171.978218745851,-0.313111438759783,0.787302236528373,-0.397701701116022,0.690850083338815,0.9954112309327
"hsa-miR-3909-3p",125.390276563236,-0.62551430021317,0.830979367866957,-0.752743478840882,0.451604077234287,0.9954112309327
"hsa-miR-3912-3p",150.19249199056,0.0626107004791643,0.501678663947473,0.124802398384875,0.900679988603312,0.9954112309327
"hsa-miR-3913-5p",56.2118109580469,0.0997751915846774,0.520426958237205,0.191717953894312,0.847963141689427,0.9954112309327
"hsa-miR-3918-5p",3.33422363482173,-1.70002437844738,1.96203583361739,-0.866459393513248,0.386238285292548,0.9954112309327
"hsa-miR-3928-3p",21.7210048808988,0.817912885413865,0.789222580630753,1.0363526152029,0.300037668046139,0.9954112309327
"hsa-miR-3940-3p",5.22067119992128,-2.59060063971516,1.90249443626156,-1.36168631578537,0.173296901671062,0.9954112309327
"hsa-miR-3942-5p",35.948465048064,-0.669268694058189,0.751324089843374,-0.89078561849083,0.373044191936834,0.9954112309327
"hsa-miR-409-3p",560.643576725091,-0.460593188370711,0.600854956846134,-0.766563016785861,0.443341371228875,0.9954112309327
"hsa-miR-410-3p",359.015070725208,0.506602469643845,0.734868399900297,0.689378492411129,0.490585114462149,0.9954112309327
"hsa-miR-411-5p",113.957835531214,0.144836390318876,0.688963707615135,0.210223541121246,0.833493206917899,0.9954112309327
"hsa-miR-421",3118.18008862181,0.0324023177029523,0.43463654090482,0.0745503763569845,0.940572458116438,0.9954112309327
"hsa-miR-423-3p",14687.5546570674,-0.0718603878424841,0.331680057107431,-0.216655738874311,0.828476643913985,0.9954112309327
"hsa-miR-423-5p",511867.854722095,0.138367641205798,0.381582161647343,0.362615591379967,NA,NA
"hsa-miR-424-3p",1576.99297785462,-0.370690802284161,0.38686796129804,-0.958184288614647,0.337969838322352,0.9954112309327
"hsa-miR-424-5p",227.511674480135,-0.370432854249435,0.630368702155889,-0.587644743437512,0.556770771838214,0.9954112309327
"hsa-miR-425-3p",110.095766280963,0.136504779068363,0.477340908838623,0.285969160700014,0.774901741816348,0.9954112309327
"hsa-miR-425-5p",15976.435443987,0.327615077731197,0.2573581592496,1.27299277662869,0.203020605093545,0.9954112309327
"hsa-miR-429",70.7853923404968,0.369485379382695,0.772267188332362,0.478442415999265,0.632335350265957,0.9954112309327
"hsa-miR-431-3p",5.00216981925439,0.373831150156875,1.93364859978415,0.193329413730398,0.846700992015826,0.9954112309327
"hsa-miR-431-5p",55.1829754621752,0.766540443425731,0.981056087328142,0.781342120319916,0.434601303242419,0.9954112309327
"hsa-miR-432-5p",42.4627567154182,-0.0686919956102238,0.902555486587184,-0.0761083353112921,0.939332908758119,0.9954112309327
"hsa-miR-4326",17.4001271214166,-0.598347286734706,1.24332305295074,-0.481248445699344,0.630339933084125,0.9954112309327
"hsa-miR-4424",5.22113949239861,0.147195039868778,1.77695591303947,0.0828355046901544,0.933982337468567,0.9954112309327
"hsa-miR-4433b-3p",9.84888298555764,1.07203360318644,1.38666912486904,0.773099785637534,0.439463327965145,0.9954112309327
"hsa-miR-4433b-5p",42.6201378515593,-0.149743846974002,0.979900274070126,-0.152815394521755,0.878543857255494,0.9954112309327
"hsa-miR-4435-5p",24.389309637763,-0.384697385579563,1.01092133064072,-0.380541367482812,0.703543595221037,0.9954112309327
"hsa-miR-4446-3p",74.9054963014002,1.35691330126191,0.872969437419077,1.55436518519321,0.120097332774759,0.9954112309327
"hsa-miR-4454",7.13042639151148,-1.20929285143982,2.39313257858019,-0.505317951150569,0.613335536547914,0.9954112309327
"hsa-miR-4467-5p",12.859069130322,0.367850218993646,1.95056473660354,0.188586521683034,0.850416897395773,0.9954112309327
"hsa-miR-4473-5p",5.85104621786256,0.0442451434506649,1.40092980101385,0.0315826984468777,0.974804841146277,0.9954112309327
"hsa-miR-4474-3p",8.18350910018222,-1.90894371853306,1.33076001484861,-1.43447631220737,0.151436384140132,0.9954112309327
"hsa-miR-4482-3p",27.1111842304078,0.885759139192652,1.35878978294084,0.651873564485887,0.514482739846703,0.9954112309327
"hsa-miR-449a/449b-5p",13.8307974851838,-0.324060302767638,1.56184409317566,-0.207485692191423,0.835630565529823,0.9954112309327
"hsa-miR-449c-5p",20.2685504078887,0.501210879561913,1.15356757573477,0.434487662539116,0.663934352002605,0.9954112309327
"hsa-miR-4503",4.04384405347589,-1.49242512263582,1.85561824733396,-0.80427379110981,0.421238870539984,0.9954112309327
"hsa-miR-4504-3p",22.1519917046552,0.203663010907735,0.859606253168782,0.236925929932418,0.81271425343951,0.9954112309327
"hsa-miR-4508",8.42226719946174,0.0410689581065491,1.02806414661238,0.0399478556293177,0.968134698255134,0.9954112309327
"hsa-miR-450a-5p",23.081874452914,-1.15839098639729,0.79128776483537,-1.4639313760125,0.143212699458239,0.9954112309327
"hsa-miR-450b-5p",261.52020340821,-1.04062163285319,0.715404822484038,-1.45459130292124,0.145782440166543,0.9954112309327
"hsa-miR-4511-5p",36.0169911018154,0.383442575223088,0.988754870813077,0.387803475403133,0.698161473419142,0.9954112309327
"hsa-miR-451a",769777.946891912,0.268926412675888,0.343718470602587,0.782403145819956,0.433977685621067,0.9954112309327
"hsa-miR-452-5p",43.7663598470306,0.548333696427823,0.86658628918341,0.632751410069644,0.526895991847368,0.9954112309327
"hsa-miR-454-3p",169.387482623594,-0.10266136078073,0.563268618230327,-0.182260039807066,0.855378656998077,0.9954112309327
"hsa-miR-454-5p",299.860255148487,-0.296666369000419,0.597416156267138,-0.49658243401734,0.619483542920808,0.9954112309327
"hsa-miR-455-5p",25.945237268768,5.32880734305458,1.61251135787679,3.30466344750035,NA,NA
"hsa-miR-4637",6.21534027574184,1.3905086028719,1.555889040704,0.893706791740577,0.371478790558282,0.9954112309327
"hsa-miR-4638-3p",10.2606983619857,1.1785121985572,1.4299428509667,0.824167341904945,0.409844480612883,0.9954112309327
"hsa-miR-4645-3p",19.1588295843398,-0.738626763562766,1.16829382703804,-0.632226882029665,NA,NA
"hsa-miR-4646-5p",45.5894889400218,-0.561239967125701,0.932657234476044,-0.601764449338131,NA,NA
"hsa-miR-4647-5p",4.6809436863496,0.227034928420734,1.98027659764324,0.114648089408788,0.908724061151161,0.9954112309327
"hsa-miR-4659a-3p/4659b-3p",12.6823526273492,-0.157913812373246,1.06041784388814,-0.14891659291043,0.881619447957885,0.9954112309327
"hsa-miR-4660",4.0814037923361,2.43337897418198,2.56654293616696,0.948115435705956,0.3430706910101,0.9954112309327
"hsa-miR-4661-5p",6.77578457289507,1.26272989073549,1.68808111956263,0.748026783844753,0.454444002285259,0.9954112309327
"hsa-miR-4662a-5p",69.7327427571686,0.189308463692084,0.974093601332348,0.194343196006165,NA,NA
"hsa-miR-4668-5p",7.0219831501148,0.322795500167688,1.93168529119374,0.167105636533685,0.867286931064878,0.9954112309327
"hsa-miR-4672-3p",7.45630608560375,0.958707122108065,1.6613293801827,0.577072273291546,0.563890633672739,0.9954112309327
"hsa-miR-4676-3p",14.6989739955684,0.0620808976451706,1.33927874017056,0.0463539782892877,0.963028117058961,0.9954112309327
"hsa-miR-4677-3p",128.454910176044,-0.191470678099707,0.585478865975023,-0.32703260395376,0.743643225463075,0.9954112309327
"hsa-miR-4678-3p",6.00544190598838,-2.45775825290944,1.65574295677873,-1.48438393945582,0.137707093048159,0.9954112309327
"hsa-miR-4685-3p",4.27171056077397,0.033058718759369,1.81308997774385,0.0182333580600926,0.985452691171826,0.9954112309327
"hsa-miR-4707-3p",6.05130151965656,1.09914343044081,1.82792111676994,0.601307912227124,0.547634920609346,0.9954112309327
"hsa-miR-4732-3p",5882.45993523314,-0.0370255010603955,0.45511940801335,-0.0813533776158133,0.935160925426583,0.9954112309327
"hsa-miR-4732-5p",835.203272309052,-0.667577165076775,0.613173223509091,-1.08872524024506,0.276275067841461,0.9954112309327
"hsa-miR-4742-3p",16.2839347698128,0.821573647044987,1.13401917918867,0.724479499220444,0.468771408687652,0.9954112309327
"hsa-miR-4746-5p",38.2744713746797,0.348591626258827,0.794028692533533,0.439016410284324,0.660649645673233,0.9954112309327
"hsa-miR-4747-5p",4.57721857551518,0.311784187847339,1.84750593575229,0.168759505349239,0.865985811441687,0.9954112309327
"hsa-miR-4748-5p",2.99756254875036,3.02698811041547,2.56985420034237,1.17788320832061,0.238843170208765,0.9954112309327
"hsa-miR-4753-5p",21.8873549031489,-2.68893224642892,1.69000474368201,-1.59107970346317,0.111591639626115,0.9954112309327
"hsa-miR-4755-3p",12.8390016891476,1.03871843040596,1.37110324560289,0.757578565828005,0.448703315806578,0.9954112309327
"hsa-miR-4757-3p",10.912639048493,-1.44363666898638,1.31762770668397,-1.0956332063019,0.273239323795603,0.9954112309327
"hsa-miR-4762-5p",10.1053764688335,0.981644792548907,1.20643796608374,0.813671999842193,0.415832878834616,0.9954112309327
"hsa-miR-4767",5.23877003236114,5.06466260543458,1.91126642880588,2.64989879438153,0.00805158858083677,0.714238515256878
"hsa-miR-4772-3p",22.9341879023064,0.569522493086039,1.34873615944572,0.42226382758218,0.672832457647821,0.9954112309327
"hsa-miR-4772-5p",16.2273115698093,1.01656194193305,1.27574817346264,0.796835898399835,0.425546343278921,0.9954112309327
"hsa-miR-4775",7.71648200143497,0.969322887656865,1.42221634526843,0.68155797174017,0.495518498066391,0.9954112309327
"hsa-miR-4781-3p",6.29405946381341,0.188797817509306,1.49633538600542,0.126173463031785,0.899594616899522,0.9954112309327
"hsa-miR-4786-5p",6.01047949235086,-2.30673157324206,2.2627558164237,-1.01943460116163,0.307996686327932,0.9954112309327
"hsa-miR-4797-3p",5.74799399933581,1.36185187089199,2.01569412519423,0.67562426951101,0.499279228645661,0.9954112309327
"hsa-miR-483-3p",24.7326093644384,-1.4661003689956,1.30726026509503,-1.12150610566368,0.262072494040392,0.9954112309327
"hsa-miR-483-5p",137.431172664056,0.420760027777035,1.30363798809237,0.322758335995363,0.746878268667599,0.9954112309327
"hsa-miR-484",8040.67175059595,0.100259240060805,0.245468783651226,0.408439878054955,0.682950761422591,0.9954112309327
"hsa-miR-485-5p",11.0823469069277,2.82947112541952,1.42441319420341,1.98641176375923,0.0469876214783496,0.9954112309327
"hsa-miR-486-3p",13741.9765868328,0.166878266549006,0.326393224120512,0.511279812865816,0.609155138482722,0.9954112309327
"hsa-miR-486-5p",15882072.2835102,0.0959254778995147,0.349934327755936,0.274124229293727,0.783989154467809,0.9954112309327
"hsa-miR-487b-3p",12.1213571311402,0.042171643664142,1.39635718815644,0.0302011863596447,0.975906602386181,0.9954112309327
"hsa-miR-493-3p",8.48481328070908,2.05669803065758,1.99760313416935,1.02958290136684,0.303205845215698,0.9954112309327
"hsa-miR-493-5p",16.1446543860072,-0.962667414973785,1.04226808176529,-0.923627454218224,0.355680314735248,0.9954112309327
"hsa-miR-497-5p",97.7518506976557,-0.10291535239586,0.720163235540276,-0.142905590450826,0.886364743351602,0.9954112309327
"hsa-miR-4999-5p",9.01903512059108,-2.12371570578467,1.76037874362817,-1.20639704010948,0.227664436778838,0.9954112309327
"hsa-miR-499a-5p",18.0219289419655,-1.18412769708667,1.33967960543092,-0.883888724054868,0.37675628478172,0.9954112309327
"hsa-miR-5000-3p",3.93108901512535,0.943089114100953,1.97461589410853,0.477606362287853,0.632930401688171,0.9954112309327
"hsa-miR-5001-3p",37.5728212900082,-0.0575885295638502,0.735023671884424,-0.0783492175377251,0.937550267821813,0.9954112309327
"hsa-miR-500a-3p/502-3p",1072.73262991298,0.0260502200808814,0.294731189133332,0.0883863705008044,0.929569593662998,0.9954112309327
"hsa-miR-500a-5p/500b-5p",3.91740158341861,0.213816965775752,2.11122627333774,0.101276195960615,0.919331211893611,0.9954112309327
"hsa-miR-501-3p",395.081871387989,-0.0388335706938208,0.346939941122778,-0.111931680648087,0.910877576911992,0.9954112309327
"hsa-miR-5010-5p",592.009433365358,0.279358769839216,0.381894109987499,0.731508453608672,0.464468642892921,0.9954112309327
"hsa-miR-502-5p",4.34097396229091,0.236158300868306,1.80683385266756,0.13070283165198,0.896010392229301,0.9954112309327
"hsa-miR-505-3p",132.251500010884,0.301930594057694,0.725072088530346,0.416414586678794,NA,NA
"hsa-miR-505-5p",3.59877823953545,-2.50501211718449,1.95148877599228,-1.28364157047778,0.199267397332156,0.9954112309327
"hsa-miR-509-3p",10.1694536216552,0.0402327636338197,1.55961571735183,0.0257965877018304,0.979419583564116,0.9954112309327
"hsa-miR-5094-5p",6.10734856973878,0.574435282724672,1.98949738813313,0.288733871253633,0.772785040581429,0.9954112309327
"hsa-miR-511-5p",32.4676790114208,0.16773776140793,0.873763262222053,0.191971634263221,0.847764424726248,0.9954112309327
"hsa-miR-5189-3p",8.08692946948743,0.452386702748117,1.4895388291185,0.303709237990014,0.761349419363843,0.9954112309327
"hsa-miR-5189-5p",159.419638005551,-0.0843885958325777,0.890880799000891,-0.0947249013866032,0.924533338462044,0.9954112309327
"hsa-miR-532-3p",91.2469131124967,0.0157043099949886,0.414456070948153,0.0378913740099446,0.96977429065459,0.9954112309327
"hsa-miR-532-5p",19487.6161533302,-0.006506204607989,0.2739323429773,-0.0237511370043959,0.981051116062469,0.9954112309327
"hsa-miR-539-3p",13.0663985059346,0.47066964991512,1.17135118346452,0.401817709803318,0.687818187625641,0.9954112309327
"hsa-miR-542-3p",230.717631589291,-2.62463589726753,0.711489223729327,-3.68893274800467,0.000225196730998414,0.0596771337145796
"hsa-miR-542-5p",3.84315536561906,-1.77305473242128,2.05052623390258,-0.864682783914833,0.387212921291198,0.9954112309327
"hsa-miR-545-5p",12.2269389915351,-1.00089366704719,1.09082375484677,-0.917557637152662,0.358850504861409,0.9954112309327
"hsa-miR-548ab/548n",16.6057026670527,-0.80783530332167,0.821937277451477,-0.98284300454953,0.325684712701715,0.9954112309327
"hsa-miR-548ac",8.67203397018339,-0.083777669056967,1.25523476040788,-0.0667426299043405,0.94678659619704,0.9954112309327
"hsa-miR-548ad-5p/548ae-5p/548ay-5p/548b-5p/548d-5p",49.0906141680631,0.101437741066846,0.630130310260819,0.160978990242287,0.872109948170441,0.9954112309327
"hsa-miR-548ae-3p/548aj-3p/548aq-3p/548x-3p",14.1061226750402,0.843537116672367,1.48669238440813,0.567391832714732,NA,NA
"hsa-miR-548ah-3p/548am-3p",18.0873275618336,-0.358513408761726,1.47504195694895,-0.243053024405688,0.807964321205367,0.9954112309327
"hsa-miR-548aj-5p/548g-5p/548x-5p",8.53535547058428,-1.11370720349033,1.47946122905962,-0.752778904654516,0.451582785377385,0.9954112309327
"hsa-miR-548am-5p/548au-5p/548c-5p/548o-5p",82.1536009105405,0.129919017331388,0.909169912876664,0.142898500589749,0.886370342776502,0.9954112309327
"hsa-miR-548ap-5p/548j-5p",25.3803474616813,0.130758572299479,0.727974478104787,0.179619720515335,0.857451121749159,0.9954112309327
"hsa-miR-548aq-5p",6.30031411976417,0.316663371558358,1.491507749557,0.212310912667005,0.831864482416173,0.9954112309327
"hsa-miR-548ar-3p",3.02320001071172,0.960255789961514,2.60310175750288,0.368889071352583,0.71221040957343,0.9954112309327
"hsa-miR-548at-5p",5.66876079245199,0.413663421450353,2.17663777609746,0.190046973360914,0.849272321808096,0.9954112309327
"hsa-miR-548av-5p/548k",92.4362477221742,-0.142288982530863,0.587097036924682,-0.242360246401851,0.808501034999274,0.9954112309327
"hsa-miR-548ay-3p",4.19139493820217,1.78948432868295,1.78886665779855,1.00034528615183,0.317143438430625,0.9954112309327
"hsa-miR-548bc",81.7208135386435,-0.375362684283373,0.515058965727447,-0.728776138773213,0.466138609767694,0.9954112309327
"hsa-miR-548d-3p",3.33527017873982,-1.46259397359801,1.85610719118595,-0.787990036644104,0.430702533771051,0.9954112309327
"hsa-miR-548e-3p",119.795385576687,0.262580604321071,0.769390996288624,0.341283697869747,0.73289001922359,0.9954112309327
"hsa-miR-548e-5p",85.0589241629269,-0.311067775538505,0.652922863663665,-0.476423468758697,0.63377271819859,0.9954112309327
"hsa-miR-548f-3p/548g-3p",16.9068044906274,0.103807008836437,0.782951481620721,0.132584216612701,0.894522215527509,0.9954112309327
"hsa-miR-548o-3p",329.963603260453,-0.0165696666804501,0.519257203097146,-0.031910326099704,0.97454356379776,0.9954112309327
"hsa-miR-548p",23.1055601866098,0.821196200814246,0.989064314950214,0.830275835859655,0.406382846958208,0.9954112309327
"hsa-miR-548q",29.3402085994337,-0.010486570662898,0.904147065443111,-0.0115983019396946,0.990746101424597,0.9954112309327
"hsa-miR-550a-3-5p/550a-5p/550b-2-5p",110.725795874425,0.526230126946755,0.539643165100422,0.975144615884887,0.329488530123304,0.9954112309327
"hsa-miR-550a-3p",182.617769772087,-0.261610629541938,0.703743549916769,-0.37174142423455,0.710085379637496,0.9954112309327
"hsa-miR-5588-5p",70.1214378319293,0.490981371717582,1.2037712521034,0.407869328046894,0.683369612053993,0.9954112309327
"hsa-miR-561-5p",14.8116320535993,-0.105037471116104,1.19464414557185,-0.0879236478121482,0.92993736115223,0.9954112309327
"hsa-miR-5683",42.4242786330136,0.636197999156829,1.00864033838946,0.63074812194471,0.528205228888881,0.9954112309327
"hsa-miR-5695-3p",18.5319790404867,-0.603603871982025,0.879420709031241,-0.686365315011682,0.492482770967257,0.9954112309327
"hsa-miR-570-3p",15.1368755465001,0.986261827257668,0.915660323177343,1.0771044701766,0.281433596254044,0.9954112309327
"hsa-miR-5706",23.0353469606309,0.125897666790622,1.0578551083465,0.119012202897435,0.905265687981292,0.9954112309327
"hsa-miR-574-3p",272.269883980074,0.00212317909863343,0.786458209324821,0.00269967186235642,NA,NA
"hsa-miR-574-5p",174.062256034559,-0.888129454757923,0.750725174509997,-1.18302873663137,0.236797758736319,0.9954112309327
"hsa-miR-576-3p",22.6150536646617,0.698546755105696,0.888588175801851,0.786131049375417,0.431790715651096,0.9954112309327
"hsa-miR-576-5p",172.11131888901,-0.384770826622073,0.688530940044279,-0.558828665850991,0.576278656766591,0.9954112309327
"hsa-miR-579-5p",8.29352436836281,-1.06544875961541,1.42844042731128,-0.745882529816717,0.455738379484708,0.9954112309327
"hsa-miR-580-3p",7.58136164878603,-0.0184111808759444,1.38719716491752,-0.0132722163377829,0.98941061438712,0.9954112309327
"hsa-miR-582-3p",1202.9290940432,-3.19991645083105,0.750612128506868,-4.26307586742088,2.01632021495056e-05,0.010686497139238
"hsa-miR-582-5p",26.7285731405364,0.086506211667703,0.945488894150288,0.0914936306527918,0.927100367013378,0.9954112309327
"hsa-miR-584-5p",2236.93168018448,0.0607839715799029,0.303162471179083,0.200499657307507,0.841089825983561,0.9954112309327
"hsa-miR-589-3p",30.3967779105358,0.24503547414201,0.800457801440079,0.306119165434048,0.759513916042418,0.9954112309327
"hsa-miR-589-5p",1567.91670284595,-0.576140361910653,0.425801906477807,-1.35307135347615,0.176032836274478,0.9954112309327
"hsa-miR-590-3p",48.8813000351769,-0.71041633799978,0.684173290156396,-1.03835731125573,0.299103735949533,0.9954112309327
"hsa-miR-592",39.1419297805707,1.27592806778355,1.81393444475753,0.70340362711074,0.481804246779774,0.9954112309327
"hsa-miR-598-3p",165.681672098927,0.0358415419734858,0.635002794629792,0.0564431247808626,0.954988803084574,0.9954112309327
"hsa-miR-610",13.9691401385234,0.33178068859655,1.37690716999793,0.240960825701161,0.809585478582516,0.9954112309327
"hsa-miR-616-3p",9.05163594304366,2.06534976533977,1.94108952018583,1.06401572099675,0.287321577822224,0.9954112309327
"hsa-miR-616-5p",44.9129284785388,-0.0595524370245923,0.939657060961039,-0.0633767780808083,0.949466478476657,0.9954112309327
"hsa-miR-618-5p",8.79214045039846,-0.655480016062448,1.63479525980791,-0.400955417585116,0.688452947799162,0.9954112309327
"hsa-miR-624-5p",19.2138180395431,0.0388691744774799,1.02952314558136,0.037754541648047,0.969883389018807,0.9954112309327
"hsa-miR-625-3p",165.402039863519,0.0961861526388439,0.500381909689802,0.192225479731015,0.847565588121788,0.9954112309327
"hsa-miR-625-5p",43.7636056123137,0.825001744210961,0.754033422383724,1.09411827078286,0.273903110175231,0.9954112309327
"hsa-miR-627-3p",23.8208602066679,-0.446727353267898,0.767165689940285,-0.582308827318217,0.560358680674709,0.9954112309327
"hsa-miR-627-5p",96.8500253896335,0.177214095602553,0.534086742460259,0.3318077037191,NA,NA
"hsa-miR-628-3p",56.1852803860204,0.151124041400907,0.662594926046672,0.228079080385626,0.819584762944984,0.9954112309327
"hsa-miR-628-5p",14.9743093181048,-0.631810886918095,1.2049610584087,-0.524341332451422,0.600041153714824,0.9954112309327
"hsa-miR-629-5p",265.381444914614,0.347868326287993,0.482938405614581,0.720316136061494,0.471330371942478,0.9954112309327
"hsa-miR-636-3p",64.6400045183368,-0.161567693788776,0.737294290400947,-0.219135962250453,0.826544137675803,0.9954112309327
"hsa-miR-641",14.720758384079,0.37068554352632,1.11548751149107,0.332308107179816,0.739656618773936,0.9954112309327
"hsa-miR-643-3p",7.40621530722474,0.406623926994875,1.47819094224651,0.275082139508242,0.783253133056806,0.9954112309327
"hsa-miR-6501-5p",4.53253704078531,-1.43891551821084,1.93552002721409,-0.74342579667437,0.457223931009351,0.9954112309327
"hsa-miR-6502-5p",10.4852116721861,0.400154565834028,1.88987311604587,0.21173620728108,0.832312839141029,0.9954112309327
"hsa-miR-6503-3p",59.5920631089625,0.479980793919973,0.783185306897228,0.612857250631436,0.539970731910226,0.9954112309327
"hsa-miR-6504-5p",2.64318578946987,-0.503782692683323,3.06303498344096,-0.164471739763606,0.869359792177427,0.9954112309327
"hsa-miR-6509-5p",10.1876475055849,1.02796533321567,1.20468419409241,0.85330689840263,0.393489135554465,0.9954112309327
"hsa-miR-651-5p",241.396707536064,-0.176048501594864,0.607993280688562,-0.289556656605623,0.772155430011893,0.9954112309327
"hsa-miR-6511a-3p",45.9821369866962,-0.500343804306667,0.750226527200089,-0.666923637283253,0.504820911655888,0.9954112309327
"hsa-miR-6511b-3p",29.1450332372652,-0.959910587465224,0.957329843664818,-1.00269577284933,0.316007670089335,0.9954112309327
"hsa-miR-6511b-5p",12.6217817061757,-0.0802338869502686,1.17809201686158,-0.0681049407023488,0.94570209737942,0.9954112309327
"hsa-miR-6513-3p",15.6864916269538,0.122956312821978,1.01537041487096,0.121095031942213,0.903615764155025,0.9954112309327
"hsa-miR-6514-5p",6.62211048251096,-0.855996695105056,1.58171346824117,-0.541183161357855,0.588381342554933,0.9954112309327
"hsa-miR-652-3p",3129.46441363347,0.10725035927297,0.313240667744918,0.342389639394804,0.732057684428049,0.9954112309327
"hsa-miR-652-5p",9.84813310321257,-1.2758856340407,1.24972522510432,-1.02093292862373,0.307286216888526,0.9954112309327
"hsa-miR-653-5p",6.78753563420386,3.9737583520831,1.61019656327097,2.46787158954728,0.0135919068016412,0.900463825608729
"hsa-miR-654-3p",129.843242664671,0.502007348982277,0.876222261092611,0.572922386560114,0.566697246179612,0.9954112309327
"hsa-miR-654-5p",5.35863874144808,0.622836671127703,2.68308348683701,0.232134659313916,0.816433425782092,0.9954112309327
"hsa-miR-659-5p",18.1012713327153,-0.191051562040293,0.920369375798848,-0.207581398364615,0.83555582994393,0.9954112309327
"hsa-miR-660-3p",14.2902008600798,-0.053713234835107,0.937081482589227,-0.0573197057386016,0.954290523249248,0.9954112309327
"hsa-miR-660-5p",6806.42137273516,0.0585965256199898,0.422727013833202,0.138615521843869,0.889753977068791,0.9954112309327
"hsa-miR-664a-3p",9.57943962980806,-0.119428649264093,1.39575016862903,-0.0855659214294791,0.931811489829855,0.9954112309327
"hsa-miR-664a-5p",7.91826648405872,0.657553324870097,1.71690441742858,0.382987729657611,0.701728862050265,0.9954112309327
"hsa-miR-671-3p",77.4033152422389,-0.275385859517943,0.537545459196638,-0.512302457041507,0.60843934591623,0.9954112309327
"hsa-miR-6735-5p",15.1403514061003,0.142762327914189,0.967087447969144,0.147620908754411,0.882641953091078,0.9954112309327
"hsa-miR-6740-5p",14.9564660143088,0.118883520368115,1.33649160007564,0.0889519398112096,0.929120105114518,0.9954112309327
"hsa-miR-6741-3p",10.8664560039234,-1.04236806930867,1.45593197273464,-0.715945585940264,0.474024948800968,0.9954112309327
"hsa-miR-6761-5p",6.02648325531698,0.883913988267821,2.71696335943673,0.325331582112712,0.744930130724768,0.9954112309327
"hsa-miR-6780a-5p",14.0028688244104,-0.879190567847008,1.28001882049073,-0.686857531914997,0.492172511016059,0.9954112309327
"hsa-miR-6783-3p",4.18397275632134,-0.863058965015421,2.36848367854114,-0.364393038818414,0.715564532909284,0.9954112309327
"hsa-miR-6816-3p",5.51662350727417,1.43237632204734,1.5964618996855,0.897219233562366,0.369601943986041,0.9954112309327
"hsa-miR-6817-3p",3.72291615424905,0.189780803798018,2.21015944150048,0.0858674719273538,0.931571769618204,0.9954112309327
"hsa-miR-6837-3p",10.2870453760822,-0.463361906117873,1.3495922398548,-0.343334743957721,0.731346645667943,0.9954112309327
"hsa-miR-6842-3p",106.721103032634,0.171505445856768,0.567646226926187,0.302134388852494,0.762549618179714,0.9954112309327
"hsa-miR-6852-5p",86.8692353640919,-0.0425605958999117,0.75818230181702,-0.0561350427171845,0.955234227888076,0.9954112309327
"hsa-miR-6859-5p",19.8145511708074,-1.64153707922392,1.24898400633155,-1.3142979180697,0.18874596762627,0.9954112309327
"hsa-miR-6862-5p",5.2686304558087,-0.335620819340759,1.80452135601105,-0.185988832009536,0.852453519291847,0.9954112309327
"hsa-miR-6865-5p",4.19857594421123,0.684536358932753,2.0830587859891,0.328620758826888,0.742442355489302,0.9954112309327
"hsa-miR-6866-5p",24.7204146952124,-0.0348502833511269,0.992066606362862,-0.035128975340573,0.971976896685431,0.9954112309327
"hsa-miR-6868-3p",18.2733888356786,1.02347311380239,1.16264005395171,0.88030092402519,0.378696312185415,0.9954112309327
"hsa-miR-6884-5p",10.0646569600146,-0.73809583101937,1.34647554060459,-0.548168762640835,0.583576028806454,0.9954112309327
"hsa-miR-6894-5p",15.7208742571804,0.287959888201908,1.24656732561285,0.231002275035838,0.81731303460456,0.9954112309327
"hsa-miR-7-1-3p",57.1261462049577,0.287944789491181,0.714121249293923,0.403215546065717,0.686789664128936,0.9954112309327
"hsa-miR-708-3p",14.0406987495876,0.605333933296249,1.59287714609835,0.380025499630637,0.703926486669717,0.9954112309327
"hsa-miR-7155-3p",28.9873109607392,0.113949902462112,1.01572844635884,0.112185400409526,0.910676404875894,0.9954112309327
"hsa-miR-744-5p",1549.28864294859,-0.198902302528459,0.311113336308356,-0.639324256840341,0.522612011565801,0.9954112309327
"hsa-miR-769-5p",1416.29738131824,-0.169234742132006,0.467907017876458,-0.361684556260896,0.717587769160368,0.9954112309327
"hsa-miR-7704",4.90057841502743,0.45192562400552,1.77795179358932,0.254183283053572,0.799353964771188,0.9954112309327
"hsa-miR-7705",14.6107207612123,-0.689052290543593,1.06744836658293,-0.645513461929179,0.518594497280582,0.9954112309327
"hsa-miR-7706",1303.38827702669,0.158528010640668,0.476933804278367,0.332389965271032,0.739594814788027,0.9954112309327
"hsa-miR-7855-5p",7.27884113470743,-0.180730745875463,2.11288029819966,-0.0855376170763009,0.931833990941402,0.9954112309327
"hsa-miR-7976",40.3603186141957,0.580033490366598,0.771853319506841,0.751481500056511,0.452362930362712,0.9954112309327
"hsa-miR-873-3p",106.488106856449,0.448188935253356,1.18178952954879,0.379245985894353,0.70450520581272,0.9954112309327
"hsa-miR-873-5p",139.860680773648,0.587716069534869,0.838801634456481,0.700661569306183,0.483514244891195,0.9954112309327
"hsa-miR-874-3p",75.0696829171115,0.344087041828922,0.495992668652809,0.693734128698948,0.487848958848862,0.9954112309327
"hsa-miR-877-5p",353.312131787887,-0.535551416593528,0.528518913931586,-1.01330605674947,0.310913995411924,0.9954112309327
"hsa-miR-885-5p",107.307416952849,0.528139960141207,1.58080278063121,0.334096047028916,NA,NA
"hsa-miR-887-3p",8.17166759112075,-0.184736793996232,2.15961971461657,-0.0855413537605305,0.931831020386432,0.9954112309327
"hsa-miR-889-3p",26.151359798965,0.381669946972126,0.919815448001557,0.414941875352675,0.678184453895911,0.9954112309327
"hsa-miR-9-5p",14.6192993284931,0.6900660274997,1.13217945391739,0.609502340916048,0.54219152158452,0.9954112309327
"hsa-miR-92a-1-5p",6.58793133105587,-0.355369253954002,1.57622401904708,-0.225456058060099,0.821624505951027,0.9954112309327
"hsa-miR-92a-3p",956845.371421773,0.00452350247801664,0.332971400296656,0.0135852582954166,0.989160865563001,0.9954112309327
"hsa-miR-92b-3p",7984.85392457175,-0.101319378888903,0.48751377233754,-0.207828752002421,0.835362681894472,0.9954112309327
"hsa-miR-93-3p",103.544950401173,0.183813108916516,0.535372389610216,0.343336923016039,0.731345006544326,0.9954112309327
"hsa-miR-93-5p",30833.9874901636,-0.23987086586262,0.385476861708777,-0.622270464689629,0.533764038715624,0.9954112309327
"hsa-miR-937-3p",29.226857104838,-0.829730907692422,1.9371177878824,-0.428332707945167,0.668408909086667,0.9954112309327
"hsa-miR-939-5p",16.0934641076319,1.70550672428419,1.24737940518411,1.36727183180683,0.171540117400844,0.9954112309327
"hsa-miR-941",1885.66822304982,0.100228616542655,0.334922800410667,0.299258863295538,NA,NA
"hsa-miR-942-5p",749.204250579786,0.510144846713682,0.396136636007269,1.28780021927667,0.197815515947943,0.9954112309327
"hsa-miR-95-5p",6.72956621839485,-0.560549935556562,2.28824271789666,-0.244969614094005,0.806479959066042,0.9954112309327
"hsa-miR-96-5p",461.149389745762,-0.393706602264669,0.698371965574832,-0.563749150412428,0.572924862402316,0.9954112309327
"hsa-miR-98-3p",66.0412559764562,1.05971123323476,3.12302779867158,0.339321742088085,0.734367365406328,0.9954112309327
"hsa-miR-98-5p",3542.10257586667,-0.302580340993115,0.349306112137639,-0.866232597939447,0.386362620351576,0.9954112309327
"hsa-miR-99a-3p",28.7161860211569,-1.08809816505657,1.38713964531352,-0.78441861908621,NA,NA
"hsa-miR-99a-5p",519.5552734766,0.670923814990076,0.737124334488074,0.910190837012626,NA,NA
"hsa-miR-99b-3p",40.3721969653702,0.362012628551152,0.889178849724475,0.407131398439501,0.68391148350201,0.9954112309327
"hsa-miR-99b-5p",810.115341239253,-0.0137439304033132,0.526258040532853,-0.0261163333284125,0.979164549393926,0.9954112309327
